[{ "id": 1, "firstname": "Elvis", "lastname": "Clancey", "birthday": "10/2/1989", "address": "06435 Chive Hill", "phone": "831-532-5296", "email": "cclancey0@live.com", "gender": "Female", "picture": null, "citation": "et eros vestibulum ac est lacinia nisi venenatis tristique fusce congue diam id ornare" },
    { "id": 2, "firstname": "Amerigo", "lastname": "Lambarth", "birthday": "9/8/1994", "address": "26 Bayside Circle", "phone": "220-442-8229", "email": "alambarth1@earthlink.net", "gender": "Male", "picture": null, "citation": "amet sapien dignissim vestibulum vestibulum ante ipsum primis in faucibus orci luctus et ultrices posuere cubilia curae nulla dapibus" },
    { "id": 3, "firstname": "Hi", "lastname": "Badsey", "birthday": "2/26/1987", "address": "0241 Park Meadow Avenue", "phone": "994-608-2164", "email": "hbadsey2@blogtalkradio.com", "gender": "Male", "picture": null, "citation": "felis eu sapien cursus vestibulum proin eu mi nulla ac enim in tempor" },
    { "id": 4, "firstname": "Ash", "lastname": "Benian", "birthday": "11/16/1995", "address": "46 Sherman Parkway", "phone": "837-330-0973", "email": "abenian3@ovh.net", "gender": "Male", "picture": null, "citation": "lacinia sapien quis libero nullam sit amet turpis elementum ligula vehicula consequat morbi a ipsum integer a nibh in quis" },
    { "id": 5, "firstname": "Christiana", "lastname": "de Lloyd", "birthday": "9/24/1981", "address": "2 Myrtle Alley", "phone": "551-216-5751", "email": "cdelloyd4@domainmarket.com", "gender": "Female", "picture": null, "citation": "pede ac diam cras pellentesque volutpat dui maecenas tristique est et tempus semper est quam pharetra magna" },
    { "id": 6, "firstname": "Cece", "lastname": "Wilcockes", "birthday": "7/17/1989", "address": "29311 Sullivan Pass", "phone": "266-337-7102", "email": "cwilcockes5@amazon.com", "gender": "Male", "picture": null, "citation": "ultrices posuere cubilia curae duis faucibus accumsan odio curabitur convallis duis consequat dui nec nisi volutpat eleifend donec ut" },
    { "id": 7, "firstname": "Paige", "lastname": "Spendlove", "birthday": "8/30/1994", "address": "2 Graedel Lane", "phone": "430-987-5809", "email": "pspendlove6@independent.co.uk", "gender": "Male", "picture": null, "citation": "sit amet justo morbi ut odio cras mi pede malesuada in imperdiet et commodo" },
    { "id": 8, "firstname": "Way", "lastname": "Tendahl", "birthday": "10/8/1985", "address": "7 American Pass", "phone": "876-550-1303", "email": "wtendahl7@xrea.com", "gender": "Male", "picture": null, "citation": "malesuada in imperdiet et commodo vulputate justo in blandit ultrices" },
    { "id": 9, "firstname": "Rossie", "lastname": "Normant", "birthday": "2/17/1983", "address": "7 Onsgard Junction", "phone": "403-718-5249", "email": "rnormant8@odnoklassniki.ru", "gender": "Male", "picture": null, "citation": "scelerisque mauris sit amet eros suspendisse accumsan tortor quis turpis sed ante vivamus tortor duis mattis" },
    { "id": 10, "firstname": "Shurlocke", "lastname": "Kubanek", "birthday": "8/9/1993", "address": "5 Barnett Circle", "phone": "913-641-6313", "email": "skubanek9@1688.com", "gender": "Male", "picture": null, "citation": "ultrices posuere cubilia curae donec pharetra magna vestibulum aliquet ultrices" },
    { "id": 11, "firstname": "Diena", "lastname": "Bernadon", "birthday": "7/14/1994", "address": "8784 Schlimgen Court", "phone": "135-949-9342", "email": "dbernadona@godaddy.com", "gender": "Female", "picture": null, "citation": "ut massa quis augue luctus tincidunt nulla mollis molestie lorem quisque ut" },
    { "id": 12, "firstname": "Clark", "lastname": "Van Der Straaten", "birthday": "8/17/1980", "address": "3110 Dovetail Trail", "phone": "525-401-2987", "email": "cvanderstraatenb@nationalgeographic.com", "gender": "Male", "picture": null, "citation": "nulla sed vel enim sit amet nunc viverra dapibus nulla suscipit ligula in lacus curabitur at ipsum" },
    { "id": 13, "firstname": "Daphne", "lastname": "Skep", "birthday": "9/16/1984", "address": "0347 Pennsylvania Park", "phone": "450-880-4548", "email": "dskepc@chronoengine.com", "gender": "Female", "picture": null, "citation": "nibh quisque id justo sit amet sapien dignissim vestibulum vestibulum ante ipsum primis" },
    { "id": 14, "firstname": "Wald", "lastname": "Inde", "birthday": "12/18/1999", "address": "5957 Lien Place", "phone": "598-426-9812", "email": "winded@hubpages.com", "gender": "Male", "picture": null, "citation": "vel est donec odio justo sollicitudin ut suscipit a feugiat" },
    { "id": 15, "firstname": "Roanna", "lastname": "O' Sullivan", "birthday": "5/5/1998", "address": "08518 Nova Plaza", "phone": "124-257-2297", "email": "rosullivane@cornell.edu", "gender": "Female", "picture": null, "citation": "turpis donec posuere metus vitae ipsum aliquam non mauris morbi non lectus aliquam sit amet diam in magna" },
    { "id": 16, "firstname": "Mickey", "lastname": "Lakenton", "birthday": "3/15/1985", "address": "9088 Crowley Terrace", "phone": "383-518-1828", "email": "mlakentonf@latimes.com", "gender": "Male", "picture": null, "citation": "morbi sem mauris laoreet ut rhoncus aliquet pulvinar sed nisl nunc rhoncus dui vel sem sed sagittis nam" },
    { "id": 17, "firstname": "Dilan", "lastname": "Abramovicz", "birthday": "7/5/1990", "address": "55 Carberry Street", "phone": "703-244-6602", "email": "dabramoviczg@guardian.co.uk", "gender": "Male", "picture": null, "citation": "habitasse platea dictumst morbi vestibulum velit id pretium iaculis diam erat fermentum" },
    { "id": 18, "firstname": "Emogene", "lastname": "Chstney", "birthday": "4/3/1980", "address": "7 Troy Drive", "phone": "261-866-1058", "email": "echstneyh@icio.us", "gender": "Female", "picture": null, "citation": "lorem id ligula suspendisse ornare consequat lectus in est risus auctor sed tristique" },
    { "id": 19, "firstname": "Cob", "lastname": "Gerbl", "birthday": "3/7/1991", "address": "789 Dawn Alley", "phone": "605-420-6077", "email": "cgerbli@lycos.com", "gender": "Male", "picture": null, "citation": "lectus pellentesque eget nunc donec quis orci eget orci vehicula condimentum curabitur in libero ut massa volutpat convallis" },
    { "id": 20, "firstname": "Quentin", "lastname": "Twallin", "birthday": "12/2/1990", "address": "09492 Clarendon Plaza", "phone": "966-543-8850", "email": "qtwallinj@google.cn", "gender": "Female", "picture": null, "citation": "sit amet sapien dignissim vestibulum vestibulum ante ipsum primis in faucibus orci luctus et ultrices posuere cubilia curae nulla" },
    { "id": 21, "firstname": "Ogdon", "lastname": "MacLaig", "birthday": "8/27/1998", "address": "5 Colorado Parkway", "phone": "921-429-6164", "email": "omaclaigk@twitpic.com", "gender": "Male", "picture": null, "citation": "etiam vel augue vestibulum rutrum rutrum neque aenean auctor gravida sem praesent id massa id nisl venenatis lacinia" },
    { "id": 22, "firstname": "Guthry", "lastname": "Brittian", "birthday": "10/2/1999", "address": "7 Derek Avenue", "phone": "137-779-9847", "email": "gbrittianl@samsung.com", "gender": "Male", "picture": null, "citation": "tellus nulla ut erat id mauris vulputate elementum nullam varius nulla facilisi cras" },
    { "id": 23, "firstname": "Ines", "lastname": "Jagson", "birthday": "5/12/1996", "address": "5 Lunder Place", "phone": "778-548-2655", "email": "ijagsonm@skyrock.com", "gender": "Female", "picture": null, "citation": "eros suspendisse accumsan tortor quis turpis sed ante vivamus tortor duis mattis egestas metus aenean fermentum donec ut mauris eget" },
    { "id": 24, "firstname": "Elnar", "lastname": "Kimbling", "birthday": "5/10/1985", "address": "6457 Fisk Pass", "phone": "905-343-7278", "email": "ekimblingn@instagram.com", "gender": "Male", "picture": null, "citation": "aliquam sit amet diam in magna bibendum imperdiet nullam orci" },
    { "id": 25, "firstname": "Titos", "lastname": "Roja", "birthday": "10/14/1997", "address": "176 Packers Parkway", "phone": "510-232-3894", "email": "trojao@sohu.com", "gender": "Male", "picture": null, "citation": "ipsum aliquam non mauris morbi non lectus aliquam sit amet diam in magna bibendum imperdiet nullam" },
    { "id": 26, "firstname": "Clem", "lastname": "Stanesby", "birthday": "2/27/1986", "address": "4331 Banding Center", "phone": "263-249-6216", "email": "cstanesbyp@ow.ly", "gender": "Female", "picture": null, "citation": "mattis nibh ligula nec sem duis aliquam convallis nunc proin at turpis a pede posuere nonummy integer" },
    { "id": 27, "firstname": "Sheilah", "lastname": "Lonergan", "birthday": "8/3/1981", "address": "0720 Jana Point", "phone": "206-551-7409", "email": "slonerganq@biglobe.ne.jp", "gender": "Female", "picture": null, "citation": "at nibh in hac habitasse platea dictumst aliquam augue quam sollicitudin vitae consectetuer eget rutrum at lorem" },
    { "id": 28, "firstname": "Huntlee", "lastname": "Thistleton", "birthday": "7/7/1995", "address": "568 Hayes Terrace", "phone": "145-179-5996", "email": "hthistletonr@hibu.com", "gender": "Male", "picture": null, "citation": "sapien sapien non mi integer ac neque duis bibendum morbi non" },
    { "id": 29, "firstname": "Eda", "lastname": "Straker", "birthday": "7/11/1981", "address": "418 Hoffman Center", "phone": "594-305-7550", "email": "estrakers@fotki.com", "gender": "Female", "picture": null, "citation": "blandit non interdum in ante vestibulum ante ipsum primis in faucibus" },
    { "id": 30, "firstname": "Aguie", "lastname": "Sellan", "birthday": "11/4/1982", "address": "11 Commercial Park", "phone": "388-111-0190", "email": "asellant@flickr.com", "gender": "Male", "picture": null, "citation": "at ipsum ac tellus semper interdum mauris ullamcorper purus sit amet nulla quisque arcu libero rutrum ac lobortis vel dapibus" },
    { "id": 31, "firstname": "Sloan", "lastname": "Moncrefe", "birthday": "12/15/1985", "address": "9 Menomonie Terrace", "phone": "523-581-6539", "email": "smoncrefeu@ycombinator.com", "gender": "Male", "picture": null, "citation": "dictumst morbi vestibulum velit id pretium iaculis diam erat fermentum justo" },
    { "id": 32, "firstname": "Papageno", "lastname": "Nehl", "birthday": "10/12/1997", "address": "753 Kim Drive", "phone": "859-980-7311", "email": "pnehlv@simplemachines.org", "gender": "Male", "picture": null, "citation": "donec odio justo sollicitudin ut suscipit a feugiat et eros vestibulum ac est" },
    { "id": 33, "firstname": "Rozanne", "lastname": "Dumsday", "birthday": "9/18/1983", "address": "15 Arkansas Park", "phone": "555-581-3521", "email": "rdumsdayw@yolasite.com", "gender": "Female", "picture": null, "citation": "libero non mattis pulvinar nulla pede ullamcorper augue a suscipit nulla elit ac nulla sed vel enim" },
    { "id": 34, "firstname": "Paulie", "lastname": "Aykroyd", "birthday": "6/17/1992", "address": "734 Johnson Circle", "phone": "131-483-3018", "email": "paykroydx@rakuten.co.jp", "gender": "Male", "picture": null, "citation": "interdum in ante vestibulum ante ipsum primis in faucibus orci luctus et ultrices posuere cubilia curae duis faucibus" },
    { "id": 35, "firstname": "Jessie", "lastname": "Kinnock", "birthday": "3/10/1988", "address": "5 Vidon Drive", "phone": "782-281-8074", "email": "jkinnocky@imgur.com", "gender": "Male", "picture": null, "citation": "blandit non interdum in ante vestibulum ante ipsum primis in faucibus orci luctus et" },
    { "id": 36, "firstname": "Tabbatha", "lastname": "MattiCCI", "birthday": "10/30/1985", "address": "816 Oakridge Place", "phone": "757-168-2308", "email": "tmatticciz@latimes.com", "gender": "Female", "picture": null, "citation": "dis parturient montes nascetur ridiculus mus vivamus vestibulum sagittis sapien cum sociis" },
    { "id": 37, "firstname": "Wylie", "lastname": "Ellson", "birthday": "9/22/1981", "address": "04 Bultman Parkway", "phone": "789-755-9122", "email": "wellson10@princeton.edu", "gender": "Male", "picture": null, "citation": "nunc commodo placerat praesent blandit nam nulla integer pede justo lacinia eget tincidunt eget tempus vel pede morbi" },
    { "id": 38, "firstname": "Cornell", "lastname": "Hadgraft", "birthday": "10/19/1997", "address": "14 Shoshone Lane", "phone": "276-757-9616", "email": "chadgraft11@tumblr.com", "gender": "Male", "picture": null, "citation": "dui proin leo odio porttitor id consequat in consequat ut nulla sed accumsan felis ut at dolor quis odio" },
    { "id": 39, "firstname": "Dianemarie", "lastname": "Jachtym", "birthday": "8/1/1994", "address": "7 Carberry Road", "phone": "676-723-7243", "email": "djachtym12@va.gov", "gender": "Female", "picture": null, "citation": "molestie nibh in lectus pellentesque at nulla suspendisse potenti cras in purus eu magna vulputate" },
    { "id": 40, "firstname": "Corliss", "lastname": "Albarez", "birthday": "7/19/1986", "address": "86 Lindbergh Trail", "phone": "924-132-7516", "email": "calbarez13@cnn.com", "gender": "Female", "picture": null, "citation": "suspendisse potenti cras in purus eu magna vulputate luctus cum sociis natoque penatibus et magnis dis parturient" },
    { "id": 41, "firstname": "Parrnell", "lastname": "Ingley", "birthday": "9/11/1997", "address": "61 Arizona Pass", "phone": "195-215-7516", "email": "pingley14@disqus.com", "gender": "Male", "picture": null, "citation": "a nibh in quis justo maecenas rhoncus aliquam lacus morbi quis tortor id nulla ultrices aliquet maecenas leo odio condimentum" },
    { "id": 42, "firstname": "Jeffry", "lastname": "Holbie", "birthday": "7/31/1998", "address": "0 Reindahl Street", "phone": "997-930-9392", "email": "jholbie15@printfriendly.com", "gender": "Male", "picture": null, "citation": "ut massa quis augue luctus tincidunt nulla mollis molestie lorem quisque ut erat curabitur gravida nisi" },
    { "id": 43, "firstname": "Lambert", "lastname": "Cabell", "birthday": "12/8/1983", "address": "2 Anhalt Center", "phone": "710-242-5143", "email": "lcabell16@discovery.com", "gender": "Male", "picture": null, "citation": "ullamcorper purus sit amet nulla quisque arcu libero rutrum ac lobortis vel dapibus at diam" },
    { "id": 44, "firstname": "Emiline", "lastname": "Aikman", "birthday": "11/9/1983", "address": "775 Riverside Park", "phone": "792-822-6573", "email": "eaikman17@woothemes.com", "gender": "Female", "picture": null, "citation": "eget tempus vel pede morbi porttitor lorem id ligula suspendisse ornare consequat lectus in est risus auctor sed tristique" },
    { "id": 45, "firstname": "Brandy", "lastname": "Dowdell", "birthday": "9/26/1992", "address": "927 Rieder Lane", "phone": "351-681-3082", "email": "bdowdell18@oaic.gov.au", "gender": "Male", "picture": null, "citation": "tincidunt lacus at velit vivamus vel nulla eget eros elementum pellentesque" },
    { "id": 46, "firstname": "Ivett", "lastname": "MacCarrick", "birthday": "9/28/1990", "address": "9 Barby Parkway", "phone": "709-580-8437", "email": "imaccarrick19@walmart.com", "gender": "Female", "picture": null, "citation": "faucibus orci luctus et ultrices posuere cubilia curae mauris viverra diam vitae quam suspendisse potenti nullam" },
    { "id": 47, "firstname": "Harriot", "lastname": "Meneo", "birthday": "12/18/1990", "address": "153 Macpherson Pass", "phone": "722-669-2949", "email": "hmeneo1a@imgur.com", "gender": "Female", "picture": null, "citation": "fermentum justo nec condimentum neque sapien placerat ante nulla justo aliquam quis turpis eget" },
    { "id": 48, "firstname": "Jordanna", "lastname": "Rigolle", "birthday": "12/8/1980", "address": "3 Dovetail Point", "phone": "704-773-8577", "email": "jrigolle1b@delicious.com", "gender": "Female", "picture": null, "citation": "congue elementum in hac habitasse platea dictumst morbi vestibulum velit id pretium" },
    { "id": 49, "firstname": "Donielle", "lastname": "Doge", "birthday": "6/11/1996", "address": "2 Swallow Road", "phone": "201-366-7479", "email": "ddoge1c@newyorker.com", "gender": "Female", "picture": null, "citation": "sit amet turpis elementum ligula vehicula consequat morbi a ipsum integer a" },
    { "id": 50, "firstname": "Lissie", "lastname": "Prevett", "birthday": "6/7/1997", "address": "36646 Carpenter Avenue", "phone": "407-189-8460", "email": "lprevett1d@cargocollective.com", "gender": "Female", "picture": null, "citation": "varius nulla facilisi cras non velit nec nisi vulputate nonummy" }
]